gas,dayofanalysis,SampleID,ml_injected,peak_id,ppm,LinkID,Temp,Vol_air,Vol_water,Pressure,avg_ppm_reference,sd_ppm_reference,water_uM,water_uM_sd,water_uatm,water_uatm_sd,Flags
n2o,2025-10-16,ANDA1-WR1,1,ANDA1-WR1_1_1,0.469053249684333,ANDA1,25,30,30,1,0.340283969087782,0.005083639639909533,0.0166695892948563,2.0778224348342664e-4,0.68548356340391,0.00854438043767689,;
n2o,2025-10-16,ANDA1-WR1,1,ANDA1-WR1_1_2,0.475869707385718,ANDA1,25,30,30,1,0.340283969087782,0.005083639639909533,0.0171139591659409,2.0778224348342664e-4,0.70375685360395,0.00854438043767689,;
n2o,2025-10-16,ANDA1-WR1,1,ANDA1-WR1_1_3,0.460826055526392,ANDA1,25,30,30,1,0.340283969087782,0.005083639639909533,0.0161332524807059,2.0778224348342664e-4,0.663428426708852,0.00854438043767689,;
n2o,2025-10-16,ANDA1-WR2,1,ANDA1-WR2_1_1,0.468572177561125,ANDA1,25,30,30,1,0.340283969087782,0.005083639639909533,0.0166382278507254,2.0778224348342664e-4,0.68419392428347,0.00854438043767689,;
n2o,2025-10-16,ANDA1-WR2,1,ANDA1-WR2_1_2,0.459315014517461,ANDA1,25,30,30,1,0.340283969087782,0.005083639639909533,0.0160347466103906,2.0778224348342664e-4,0.659377687737091,0.00854438043767689,;
n2o,2025-10-16,ANDA1-WR2,1,ANDA1-WR2_1_3,0.456393978330221,ANDA1,25,30,30,1,0.340283969087782,0.005083639639909533,0.0158443221214814,2.0778224348342664e-4,0.651547089459718,0.00854438043767689,;
n2o,2025-10-16,ANDA1-WR3,1,ANDA1-WR3_1_1,0.449195736571416,ANDA1,25,30,30,1,0.340283969087782,0.005083639639909533,0.0153750634680102,2.0778224348342664e-4,0.632250327658942,0.00854438043767689,;
n2o,2025-10-16,ANDA1-WR3,1,ANDA1-WR3_1_2,0.445953589166778,ANDA1,25,30,30,1,0.340283969087782,0.005083639639909533,0.0151637055036024,2.0778224348342664e-4,0.62355890713062,0.00854438043767689,;
n2o,2025-10-16,ANDA1-WR3,1,ANDA1-WR3_1_3,0.44613158699537,ANDA1,25,30,30,1,0.340283969087782,0.005083639639909533,0.0151753093124442,2.0778224348342664e-4,0.624036076669306,0.00854438043767689,;
n2o,2025-10-16,ANDA2-WR1,1,ANDA2-WR1_1_1,0.36682585308531,ANDA2,25,30,30,1,0.340019069008354,0.006937441927849713,0.0100161376119633,2.8355220863575094e-4,0.41188163549483,0.011660178001305654,;
n2o,2025-10-16,ANDA2-WR1,1,ANDA2-WR1_1_2,0.377162099679166,ANDA2,25,30,30,1,0.340019069008354,0.006937441927849713,0.0106899650994392,2.8355220863575094e-4,0.439590636542446,0.011660178001305654,;
n2o,2025-10-16,ANDA2-WR1,1,ANDA2-WR1_1_3,0.360045265413888,ANDA2,25,30,30,1,0.340019069008354,0.006937441927849713,0.00957410613440929,2.8355220863575094e-4,0.393704504252376,0.011660178001305654,;
n2o,2025-10-16,ANDA2-WR2,1,ANDA2-WR2_1_1,0.366877289658172,ANDA2,25,30,30,1,0.340019069008354,0.006937441927849713,0.010019490799829,2.8355220863575094e-4,0.412019524624929,0.011660178001305654,;
n2o,2025-10-16,ANDA2-WR2,1,ANDA2-WR2_1_2,0.374072803768958,ANDA2,25,30,30,1,0.340019069008354,0.006937441927849713,0.0104885716359277,2.8355220863575094e-4,0.43130897425478,0.011660178001305654,;
n2o,2025-10-16,ANDA2-WR2,1,ANDA2-WR2_1_3,0.365880723835437,ANDA2,25,30,30,1,0.340019069008354,0.006937441927849713,0.00995452394379088,2.8355220863575094e-4,0.409347970383703,0.011660178001305654,;
n2o,2025-10-16,ANDA2-WR3,1,ANDA2-WR3_1_1,0.384109716027357,ANDA2,25,30,30,1,0.340019069008354,0.006937441927849713,0.0111428852987919,2.8355220863575094e-4,0.458215531655231,0.011660178001305654,;
n2o,2025-10-16,ANDA2-WR3,1,ANDA2-WR3_1_2,0.387886264009005,ANDA2,25,30,30,1,0.340019069008354,0.006937441927849713,0.0113890812283007,2.8355220863575094e-4,0.468339552113688,0.011660178001305654,;
n2o,2025-10-16,ANDA2-WR3,1,ANDA2-WR3_1_3,0.378210848638807,ANDA2,25,30,30,1,0.340019069008354,0.006937441927849713,0.0107583338124,2.8355220863575094e-4,0.442402081273133,0.011660178001305654,;
n2o,2025-10-16,ANDA3-WR1,1,ANDA3-WR1_1_1,0.328059292028226,ANDA3,25,30,30,1,0.327786386478084,0.006293831661800079,0.00798890025911018,2.5724609835230496e-4,0.328517980882892,0.010578423322325229,;
n2o,2025-10-16,ANDA3-WR1,1,ANDA3-WR1_1_2,0.334457816373485,ANDA3,25,30,30,1,0.327786386478084,0.006293831661800079,0.00840602474854353,2.5724609835230496e-4,0.345670891872009,0.010578423322325229,;
n2o,2025-10-16,ANDA3-WR1,1,ANDA3-WR1_1_3,0.320419285830585,ANDA3,25,30,30,1,0.327786386478084,0.006293831661800079,0.00749084265824789,2.5724609835230496e-4,0.308036954447236,0.010578423322325229,;
n2o,2025-10-16,ANDA3-WR2,1,ANDA3-WR2_1_1,0.323203910760379,ANDA3,25,30,30,1,0.327786386478084,0.006293831661800079,0.00767237439735339,2.5724609835230496e-4,0.315501866821013,0.010578423322325229,;
n2o,2025-10-16,ANDA3-WR2,1,ANDA3-WR2_1_2,0.318249843835113,ANDA3,25,30,30,1,0.327786386478084,0.006293831661800079,0.00734941514529531,2.5724609835230496e-4,0.302221200151958,0.010578423322325229,;
n2o,2025-10-16,ANDA3-WR2,1,ANDA3-WR2_1_3,0.320451669147375,ANDA3,25,30,30,1,0.327786386478084,0.006293831661800079,0.00749295375039247,2.5724609835230496e-4,0.308123766362056,0.010578423322325229,;
n2o,2025-10-16,ANDA3-WR3,1,ANDA3-WR3_1_1,0.338430018546369,ANDA3,25,30,30,1,0.327786386478084,0.006293831661800079,0.00866497551810932,2.5724609835230496e-4,0.35631941434778,0.010578423322325229,;
n2o,2025-10-16,ANDA3-WR3,1,ANDA3-WR3_1_2,0.32576066501958,ANDA3,25,30,30,1,0.327786386478084,0.006293831661800079,0.00783905108051174,2.5724609835230496e-4,0.322355912513847,0.010578423322325229,;
n2o,2025-10-16,ANDA3-WR3,1,ANDA3-WR3_1_3,0.32941841278354,ANDA3,25,30,30,1,0.327786386478084,0.006293831661800079,0.00807750233679997,2.5724609835230496e-4,0.332161458047535,0.010578423322325229,;
n2o,2025-10-16,ANDA7-WR1,1,ANDA7-WR1_1_1,0.37298746346478,ANDA7,25,30,30,1,0.33191546778952,0.010435045319660588,0.0107490338318808,4.2650881670457905e-4,0.442019649308363,0.017538811444386012,;
n2o,2025-10-16,ANDA7-WR1,1,ANDA7-WR1_1_2,0.359515929354091,ANDA7,25,30,30,1,0.33191546778952,0.010435045319660588,0.00987081465436545,4.2650881670457905e-4,0.40590569349311,0.017538811444386012,;
n2o,2025-10-16,ANDA7-WR1,1,ANDA7-WR1_1_3,0.347240282894174,ANDA7,25,30,30,1,0.33191546778952,0.010435045319660588,0.00907055626887518,4.2650881670457905e-4,0.372997625992071,0.017538811444386012,;
n2o,2025-10-16,ANDA7-WR2,1,ANDA7-WR2_1_1,0.350374113983078,ANDA7,25,30,30,1,0.33191546778952,0.010435045319660588,0.00927485301331095,4.2650881670457905e-4,0.381398676425321,0.017538811444386012,;
n2o,2025-10-16,ANDA7-WR2,1,ANDA7-WR2_1_2,0.356793324732323,ANDA7,25,30,30,1,0.33191546778952,0.010435045319660588,0.00969332606457439,4.2650881670457905e-4,0.398607042708051,0.017538811444386012,;
n2o,2025-10-16,ANDA7-WR2,1,ANDA7-WR2_1_3,0.348485889913294,ANDA7,25,30,30,1,0.33191546778952,0.010435045319660588,0.00915175830294574,4.2650881670457905e-4,0.376336800022442,0.017538811444386012,;
n2o,2025-10-16,ANDA7-WR3,1,ANDA7-WR3_1_1,0.334276626446028,ANDA7,25,30,30,1,0.33191546778952,0.010435045319660588,0.0082254460082369,4.2650881670457905e-4,0.33824516852689,0.017538811444386012,;
n2o,2025-10-16,ANDA7-WR3,1,ANDA7-WR3_1_2,0.331976372979937,ANDA7,25,30,30,1,0.33191546778952,0.010435045319660588,0.00807549079968613,4.2650881670457905e-4,0.332078740015056,0.017538811444386012,;
n2o,2025-10-16,ANDA7-WR3,1,ANDA7-WR3_1_3,0.328885361582929,ANDA7,25,30,30,1,0.33191546778952,0.010435045319660588,0.00787398550233347,4.2650881670457905e-4,0.323792478918228,0.017538811444386012,;
n2o,2025-10-16,ANDA8-WR1,1,ANDA8-WR1_1_1,0.490294856311803,ANDA8,25,30,30,1,0.348848925905887,0.004020906373520672,0.0177042720023627,1.6434543089324924e-4,0.728031581641693,0.006758180396959011,;
n2o,2025-10-16,ANDA8-WR1,1,ANDA8-WR1_1_2,0.490308197170119,ANDA8,25,30,30,1,0.348848925905887,0.004020906373520672,0.0177051417026894,1.6434543089324924e-4,0.728067345287007,0.006758180396959011,;
n2o,2025-10-16,ANDA8-WR1,1,ANDA8-WR1_1_3,0.477156886457741,ANDA8,25,30,30,1,0.348848925905887,0.004020906373520672,0.016847798123096,1.6434543089324924e-4,0.692811831692409,0.006758180396959011,;
n2o,2025-10-16,ANDA8-WR2,1,ANDA8-WR2_1_1,0.485368607570513,ANDA8,25,30,30,1,0.348848925905887,0.004020906373520672,0.0173831262380968,1.6434543089324924e-4,0.714825488859971,0.006758180396959011,;
n2o,2025-10-16,ANDA8-WR2,1,ANDA8-WR2_1_2,0.477202056421205,ANDA8,25,30,30,1,0.348848925905887,0.004020906373520672,0.0168507427861044,1.6434543089324924e-4,0.692932921543893,0.006758180396959011,;
n2o,2025-10-16,ANDA8-WR2,1,ANDA8-WR2_1_3,0.482430114432613,ANDA8,25,30,30,1,0.348848925905887,0.004020906373520672,0.0171915637177857,1.6434543089324924e-4,0.706948092679729,0.006758180396959011,;
n2o,2025-10-16,ANDA8-WR3,1,ANDA8-WR3_1_1,0.513715380771282,ANDA8,25,30,30,1,0.348848925905887,0.004020906373520672,0.0192310731490458,1.6434543089324924e-4,0.790816397279621,0.006758180396959011,;
n2o,2025-10-16,ANDA8-WR3,1,ANDA8-WR3_1_2,0.508785636087172,ANDA8,25,30,30,1,0.348848925905887,0.004020906373520672,0.0189096994817065,1.6434543089324924e-4,0.77760093271266,0.006758180396959011,;
n2o,2025-10-16,ANDA8-WR3,1,ANDA8-WR3_1_3,0.500413502286701,ANDA8,25,30,30,1,0.348848925905887,0.004020906373520672,0.0183639139460811,1.6434543089324924e-4,0.755157247556587,0.006758180396959011,;
n2o,2025-10-16,CAT2-WR1,1,CAT2-WR1_1_1,0.35553270375470297,CAT2,25,30,30,1,0.336837338806444,0.0071467638000114134,0.00940997494173251,2.92107765537633e-4,0.386955133717103,0.012011997924896496,;
n2o,2025-10-16,CAT2-WR1,1,CAT2-WR1_1_2,0.343052257783828,CAT2,25,30,30,1,0.336837338806444,0.0071467638000114134,0.00859636552609294,2.92107765537633e-4,0.353498047787357,0.012011997924896496,;
n2o,2025-10-16,CAT2-WR1,1,CAT2-WR1_1_3,0.349840247672041,CAT2,25,30,30,1,0.336837338806444,0.0071467638000114134,0.00903887955958217,2.92107765537633e-4,0.37169502259981,0.012011997924896496,;
n2o,2025-10-16,CAT2-WR2,1,CAT2-WR2_1_1,0.360325519147971,CAT2,25,30,30,1,0.336837338806444,0.0071467638000114134,0.00972242208829162,2.92107765537633e-4,0.399803523657029,0.012011997924896496,;
n2o,2025-10-16,CAT2-WR2,1,CAT2-WR2_1_2,0.366926815720342,CAT2,25,30,30,1,0.336837338806444,0.0071467638000114134,0.0101527654477552,2.92107765537633e-4,0.417500018412502,0.012011997924896496,;
n2o,2025-10-16,CAT2-WR2,1,CAT2-WR2_1_3,0.363089784772512,CAT2,25,30,30,1,0.336837338806444,0.0071467638000114134,0.00990262658937306,2.92107765537633e-4,0.407213857610538,0.012011997924896496,;
n2o,2025-10-16,CAT2-WR3,1,CAT2-WR3_1_1,0.352030491795073,CAT2,25,30,30,1,0.336837338806444,0.0071467638000114134,0.0091816631784694,2.92107765537633e-4,0.377566542415881,0.012011997924896496,;
n2o,2025-10-16,CAT2-WR3,1,CAT2-WR3_1_2,0.362578325549278,CAT2,25,30,30,1,0.336837338806444,0.0071467638000114134,0.00986928418793084,2.92107765537633e-4,0.405842757954225,0.012011997924896496,;
n2o,2025-10-16,CAT2-WR3,1,CAT2-WR3_1_3,0.346888496095624,CAT2,25,30,30,1,0.336837338806444,0.0071467638000114134,0.00884645271195139,2.92107765537633e-4,0.363782083721991,0.012011997924896496,;
n2o,2025-10-16,CAT5-WR1,1,CAT5-WR1_1_1,0.404669913927051,CAT5,25,30,30,1,0.391336250140149,0.0068316073705495285,0.0103857462410162,2.7922646107857385e-4,0.427080608644467,0.01148229546338407,;
n2o,2025-10-16,CAT5-WR1,1,CAT5-WR1_1_2,0.389186057412865,CAT5,25,30,30,1,0.391336250140149,0.0068316073705495285,0.00937634229185018,2.7922646107857385e-4,0.385572098521679,0.01148229546338407,;
n2o,2025-10-16,CAT5-WR1,1,CAT5-WR1_1_3,0.391754902128773,CAT5,25,30,30,1,0.391336250140149,0.0068316073705495285,0.00954380716073838,2.7922646107857385e-4,0.39245855583265,0.01148229546338407,;
n2o,2025-10-16,CAT5-WR2,1,CAT5-WR2_1_1,0.3935350246909,CAT5,25,30,30,1,0.391336250140149,0.0068316073705495285,0.00965985465462752,2.7922646107857385e-4,0.397230637989453,0.01148229546338407,;
n2o,2025-10-16,CAT5-WR2,1,CAT5-WR2_1_2,0.396155642167076,CAT5,25,30,30,1,0.391336250140149,0.0068316073705495285,0.00983069462768474,2.7922646107857385e-4,0.404255885668424,0.01148229546338407,;
n2o,2025-10-16,CAT5-WR2,1,CAT5-WR2_1_3,0.384952027104156,CAT5,25,30,30,1,0.391336250140149,0.0068316073705495285,0.00910032275430257,2.7922646107857385e-4,0.374221677535265,0.01148229546338407,;
n2o,2025-10-16,CAT5-WR3,1,CAT5-WR3_1_1,0.395307808444052,CAT5,25,30,30,1,0.391336250140149,0.0068316073705495285,0.0097754237261834,2.7922646107857385e-4,0.401983046557422,0.01148229546338407,;
n2o,2025-10-16,CAT5-WR3,1,CAT5-WR3_1_2,0.395231481463824,CAT5,25,30,30,1,0.391336250140149,0.0068316073705495285,0.00977044791442749,2.7922646107857385e-4,0.401778432207726,0.01148229546338407,;
n2o,2025-10-16,CAT5-WR3,1,CAT5-WR3_1_3,0.400142636015436,CAT5,25,30,30,1,0.391336250140149,0.0068316073705495285,0.0100906096774107,2.7922646107857385e-4,0.414944061082768,0.01148229546338407,;
n2o,2025-10-16,CAT6-WR1,1,CAT6-WR1_1_1,0.364859976068007,CAT6,25,30,30,1,0.367099579065389,0.007044400040735778,0.00878112620364721,2.8792387897991716e-4,0.361095739931212,0.011839948967016905,;
n2o,2025-10-16,CAT6-WR1,1,CAT6-WR1_1_2,0.374714970059563,CAT6,25,30,30,1,0.367099579065389,0.007044400040735778,0.00942358048142805,2.8792387897991716e-4,0.387514618037176,0.011839948967016905,;
n2o,2025-10-16,CAT6-WR1,1,CAT6-WR1_1_3,0.369210265912778,CAT6,25,30,30,1,0.367099579065389,0.007044400040735778,0.00906472478551893,2.8792387897991716e-4,0.372757824883581,0.011839948967016905,;
n2o,2025-10-16,CAT6-WR2,1,CAT6-WR2_1_1,0.378335063584319,CAT6,25,30,30,1,0.367099579065389,0.007044400040735778,0.0096595770302782,2.8792387897991716e-4,0.397219221575714,0.011839948967016905,;
n2o,2025-10-16,CAT6-WR2,1,CAT6-WR2_1_2,0.366408218142963,CAT6,25,30,30,1,0.367099579065389,0.007044400040735778,0.00888205723870903,2.8792387897991716e-4,0.365246206049388,0.011839948967016905,;
n2o,2025-10-16,CAT6-WR2,1,CAT6-WR2_1_3,0.364319385618294,CAT6,25,30,30,1,0.367099579065389,0.007044400040735778,0.00874588471621016,2.8792387897991716e-4,0.359646546435158,0.011839948967016905,;
n2o,2025-10-16,CAT6-WR3,1,CAT6-WR3_1_1,0.381191059033464,CAT6,25,30,30,1,0.367099579065389,0.007044400040735778,0.00984576146582408,2.8792387897991716e-4,0.404875461214906,0.011839948967016905,;
n2o,2025-10-16,CAT6-WR3,1,CAT6-WR3_1_2,0.389844431369707,CAT6,25,30,30,1,0.367099579065389,0.007044400040735778,0.0104098811476233,2.8792387897991716e-4,0.428073079514075,0.011839948967016905,;
n2o,2025-10-16,CAT6-WR3,1,CAT6-WR3_1_3,0.370119430959985,CAT6,25,30,30,1,0.367099579065389,0.007044400040735778,0.00912399392097324,2.8792387897991716e-4,0.375195078582665,0.011839948967016905,;
n2o,2025-10-16,CAT8-WR1,1,CAT8-WR1_1_1,4.91830108752583,CAT8,25,30,30,1,0.375400522611626,0.010203884905991252,0.305284005727537,4.170606589359403e-4,12.5538286753654,0.017150286163991293,;
n2o,2025-10-16,CAT8-WR1,1,CAT8-WR1_1_2,4.87217786414235,CAT8,25,30,30,1,0.375400522611626,0.010203884905991252,0.302277199006685,4.170606589359403e-4,12.4301833623935,0.017150286163991293,;
n2o,2025-10-16,CAT8-WR1,1,CAT8-WR1_1_3,4.90155310858972,CAT8,25,30,30,1,0.375400522611626,0.010203884905991252,0.304192192711627,4.170606589359403e-4,12.5089313558528,0.017150286163991293,;
n2o,2025-10-16,CAT8-WR2,1,CAT8-WR2_1_1,4.46381622164843,CAT8,25,30,30,1,0.375400522611626,0.010203884905991252,0.275655804379086,4.170606589359403e-4,11.3354636227933,0.017150286163991293,;
n2o,2025-10-16,CAT8-WR2,1,CAT8-WR2_1_2,4.41414742886644,CAT8,25,30,30,1,0.375400522611626,0.010203884905991252,0.272417859391769,4.170606589359403e-4,11.2023134876128,0.017150286163991293,;
n2o,2025-10-16,CAT8-WR2,1,CAT8-WR2_1_3,4.40223548635821,CAT8,25,30,30,1,0.375400522611626,0.010203884905991252,0.271641311133328,4.170606589359403e-4,11.1703804232802,0.017150286163991293,;
n2o,2025-10-16,CAT8-WR3,1,CAT8-WR3_1_1,6.33595391897828,CAT8,25,30,30,1,0.375400522611626,0.010203884905991252,0.39770183233962,4.170606589359403e-4,16.3542163146484,0.017150286163991293,;
n2o,2025-10-16,CAT8-WR3,1,CAT8-WR3_1_2,6.1737006045637,CAT8,25,30,30,1,0.375400522611626,0.010203884905991252,0.38712441991105,4.170606589359403e-4,15.9192540468398,0.017150286163991293,;
n2o,2025-10-16,CAT8-WR3,1,CAT8-WR3_1_3,6.12190360276944,CAT8,25,30,30,1,0.375400522611626,0.010203884905991252,0.383747735419162,4.170606589359403e-4,15.7803986931146,0.017150286163991293,;
n2o,2025-10-16,CAT10-WR1,1,CAT10-WR1_1_1,0.770566960283826,CAT10,25,30,30,1,0.359781370188983,0.009078888962284086,0.0355285769076698,3.710790005866499e-4,1.46099913264536,0.015259437477862072,;
n2o,2025-10-16,CAT10-WR1,1,CAT10-WR1_1_2,0.783315689422441,CAT10,25,30,30,1,0.359781370188983,0.009078888962284086,0.0363596758995505,3.710790005866499e-4,1.49517542147999,0.015259437477862072,;
n2o,2025-10-16,CAT10-WR1,1,CAT10-WR1_1_3,0.77849401485177006,CAT10,25,30,30,1,0.359781370188983,0.009078888962284086,0.0360453474020751,3.710790005866499e-4,1.48224966699873,0.015259437477862072,;
n2o,2025-10-16,CAT10-WR2,1,CAT10-WR2_1_1,0.78306403529224,CAT10,25,30,30,1,0.359781370188983,0.009078888962284086,0.0363432703824485,3.710790005866499e-4,1.49450079704122,0.015259437477862072,;
n2o,2025-10-16,CAT10-WR2,1,CAT10-WR2_1_2,0.753035960909228,CAT10,25,30,30,1,0.359781370188983,0.009078888962284086,0.0343857182157585,3.710790005866499e-4,1.41400272291136,0.015259437477862072,;
n2o,2025-10-16,CAT10-WR2,1,CAT10-WR2_1_3,0.746281713894009,CAT10,25,30,30,1,0.359781370188983,0.009078888962284086,0.0339454039048787,3.710790005866499e-4,1.39589620465823,0.015259437477862072,;
n2o,2025-10-16,CAT10-WR3,1,CAT10-WR3_1_1,0.749987610065838,CAT10,25,30,30,1,0.359781370188983,0.009078888962284086,0.034186993991148,3.710790005866499e-4,1.40583082453935,0.015259437477862072,;
n2o,2025-10-16,CAT10-WR3,1,CAT10-WR3_1_2,0.728701623593911,CAT10,25,30,30,1,0.359781370188983,0.009078888962284086,0.0327993449395715,3.710790005866499e-4,1.3487681939128,0.015259437477862072,;
n2o,2025-10-16,CAT10-WR3,1,CAT10-WR3_1_3,0.735224164902686,CAT10,25,30,30,1,0.359781370188983,0.009078888962284086,0.0332245541857076,3.710790005866499e-4,1.36625356467257,0.015259437477862072,;
co2,2025-10-16,ANDA1-WR1,1,ANDA1-WR1_1_1,5912.41461681298,ANDA1,25,30,30,1,558.196115682625,23.109453299454433,416.536426563185,0.9445465045436557,12457.2572972713,28.248330964527756,;
co2,2025-10-16,ANDA1-WR1,1,ANDA1-WR1_1_2,6055.97073976151,ANDA1,25,30,30,1,558.196115682625,23.109453299454433,427.204079557283,0.9445465045436557,12776.2922954873,28.248330964527756,;
co2,2025-10-16,ANDA1-WR1,1,ANDA1-WR1_1_3,6046.25859663347,ANDA1,25,30,30,1,558.196115682625,23.109453299454433,426.482370370723,0.9445465045436557,12754.7083079716,28.248330964527756,;
co2,2025-10-16,ANDA1-WR2,1,ANDA1-WR2_1_1,6033.29335674861,ANDA1,25,30,30,1,558.196115682625,23.109453299454433,425.518923620865,0.9445465045436557,12725.8947317996,28.248330964527756,;
co2,2025-10-16,ANDA1-WR2,1,ANDA1-WR2_1_2,5924.55471781583,ANDA1,25,30,30,1,558.196115682625,23.109453299454433,417.438557257103,0.9445465045436557,12484.2371085273,28.248330964527756,;
co2,2025-10-16,ANDA1-WR2,1,ANDA1-WR2_1_3,6043.66073353287,ANDA1,25,30,30,1,558.196115682625,23.109453299454433,426.289323208998,0.9445465045436557,12748.9348917449,28.248330964527756,;
co2,2025-10-16,ANDA1-WR3,1,ANDA1-WR3_1_1,5936.45633412257,ANDA1,25,30,30,1,558.196115682625,23.109453299454433,418.32296615741,0.9445465045436557,12510.6869182546,28.248330964527756,;
co2,2025-10-16,ANDA1-WR3,1,ANDA1-WR3_1_2,5880.37531218022,ANDA1,25,30,30,1,558.196115682625,23.109453299454433,414.155586394375,0.9445465045436557,12386.0540682734,28.248330964527756,;
co2,2025-10-16,ANDA1-WR3,1,ANDA1-WR3_1_3,5801.60201689345,ANDA1,25,30,30,1,558.196115682625,23.109453299454433,408.301944194647,0.9445465045436557,12210.99056276,28.248330964527756,;
co2,2025-10-16,ANDA2-WR1,1,ANDA2-WR1_1_1,1428.87203432995,ANDA2,25,30,30,1,550.458287367797,23.907360893069004,83.6807215951485,0.9771591682329036,2502.61973084355,29.223670254967246,;
co2,2025-10-16,ANDA2-WR1,1,ANDA2-WR1_1_2,1455.66141124255,ANDA2,25,30,30,1,550.458287367797,23.907360893069004,85.6714397265805,0.9771591682329036,2562.15567149154,29.223670254967246,;
co2,2025-10-16,ANDA2-WR1,1,ANDA2-WR1_1_3,1421.72857179611,ANDA2,25,30,30,1,550.458287367797,23.907360893069004,83.1498910187706,0.9771591682329036,2486.74430519168,29.223670254967246,;
co2,2025-10-16,ANDA2-WR2,1,ANDA2-WR2_1_1,1418.81249916306,ANDA2,25,30,30,1,550.458287367797,23.907360893069004,82.9331977122363,0.9771591682329036,2480.26370925349,29.223670254967246,;
co2,2025-10-16,ANDA2-WR2,1,ANDA2-WR2_1_2,1398.13640394933,ANDA2,25,30,30,1,550.458287367797,23.907360893069004,81.3967574372918,0.9771591682329036,2434.31375000312,29.223670254967246,;
co2,2025-10-16,ANDA2-WR2,1,ANDA2-WR2_1_3,1386.58440728693,ANDA2,25,30,30,1,550.458287367797,23.907360893069004,80.5383287666621,0.9771591682329036,2408.64092491644,29.223670254967246,;
co2,2025-10-16,ANDA2-WR3,1,ANDA2-WR3_1_1,1489.98404179966,ANDA2,25,30,30,1,550.458287367797,23.907360893069004,88.2219538050302,0.9771591682329036,2638.43329834332,29.223670254967246,;
co2,2025-10-16,ANDA2-WR3,1,ANDA2-WR3_1_2,1466.63320321411,ANDA2,25,30,30,1,550.458287367797,23.907360893069004,86.486753396747,0.9771591682329036,2586.53906636302,29.223670254967246,;
co2,2025-10-16,ANDA2-WR3,1,ANDA2-WR3_1_3,1483.25428666648,ANDA2,25,30,30,1,550.458287367797,23.907360893069004,87.7218658183843,0.9771591682329036,2623.47728411829,29.223670254967246,;
co2,2025-10-16,ANDA3-WR1,1,ANDA3-WR1_1_1,639.317930324931,ANDA3,25,30,30,1,594.577799356485,17.126575698336964,23.2056848739699,0.700009948355135,694.006979460629,20.9350334837684,;
co2,2025-10-16,ANDA3-WR1,1,ANDA3-WR1_1_2,649.993341704599,ANDA3,25,30,30,1,594.577799356485,17.126575698336964,23.9989745075189,0.700009948355135,717.731706630146,20.9350334837684,;
co2,2025-10-16,ANDA3-WR1,1,ANDA3-WR1_1_3,662.815406732783,ANDA3,25,30,30,1,594.577799356485,17.126575698336964,24.9517819362725,0.700009948355135,746.22709511914,20.9350334837684,;
co2,2025-10-16,ANDA3-WR2,1,ANDA3-WR2_1_1,571.721299678061,ANDA3,25,30,30,1,594.577799356485,17.126575698336964,18.1825804288216,0.700009948355135,543.782171943612,20.9350334837684,;
co2,2025-10-16,ANDA3-WR2,1,ANDA3-WR2_1_2,592.537585766652,ANDA3,25,30,30,1,594.577799356485,17.126575698336964,19.7294382852334,0.700009948355135,590.043687361653,20.9350334837684,;
co2,2025-10-16,ANDA3-WR2,1,ANDA3-WR2_1_3,598.720945974807,ANDA3,25,30,30,1,594.577799356485,17.126575698336964,20.1889236745244,0.700009948355135,603.785409222482,20.9350334837684,;
co2,2025-10-16,ANDA3-WR3,1,ANDA3-WR3_1_1,545.904458044125,ANDA3,25,30,30,1,594.577799356485,17.126575698336964,16.2641313769956,0.700009948355135,486.407565723725,20.9350334837684,;
co2,2025-10-16,ANDA3-WR3,1,ANDA3-WR3_1_2,554.640271570437,ANDA3,25,30,30,1,594.577799356485,17.126575698336964,16.9132895278692,0.700009948355135,505.82178641692,20.9350334837684,;
co2,2025-10-16,ANDA3-WR3,1,ANDA3-WR3_1_3,562.62972229792,ANDA3,25,30,30,1,594.577799356485,17.126575698336964,17.506985472171,0.700009948355135,523.577311895296,20.9350334837684,;
co2,2025-10-16,ANDA7-WR1,1,ANDA7-WR1_1_1,863.189942989048,ANDA7,25,30,30,1,539.462808177743,33.68226383589128,42.0943105279514,1.3766861621109558,1258.90468049709,41.17223043494772,;
co2,2025-10-16,ANDA7-WR1,1,ANDA7-WR1_1_2,811.336759312569,ANDA7,25,30,30,1,539.462808177743,33.68226383589128,38.2411013527619,1.3766861621109558,1143.66765666321,41.17223043494772,;
co2,2025-10-16,ANDA7-WR1,1,ANDA7-WR1_1_3,848.086255219948,ANDA7,25,30,30,1,539.462808177743,33.68226383589128,40.9719557530894,1.3766861621109558,1225.33867926009,41.17223043494772,;
co2,2025-10-16,ANDA7-WR2,1,ANDA7-WR2_1_1,814.533629879665,ANDA7,25,30,30,1,539.462808177743,33.68226383589128,38.4786607488808,1.3766861621109558,1150.77228985281,41.17223043494772,;
co2,2025-10-16,ANDA7-WR2,1,ANDA7-WR2_1_2,823.513170105247,ANDA7,25,30,30,1,539.462808177743,33.68226383589128,39.1459302265289,1.3766861621109558,1170.72816175161,41.17223043494772,;
co2,2025-10-16,ANDA7-WR2,1,ANDA7-WR2_1_3,802.624277270893,ANDA7,25,30,30,1,539.462808177743,33.68226383589128,37.593676964105,1.3766861621109558,1124.30528719033,41.17223043494772,;
co2,2025-10-16,ANDA7-WR3,1,ANDA7-WR3_1_1,756.745506892867,ANDA7,25,30,30,1,539.462808177743,33.68226383589128,34.1844263369885,1.3766861621109558,1022.34562761556,41.17223043494772,;
co2,2025-10-16,ANDA7-WR3,1,ANDA7-WR3_1_2,815.595589918594,ANDA7,25,30,30,1,539.462808177743,33.68226383589128,38.5575749808635,1.3766861621109558,1153.1323592958,41.17223043494772,;
co2,2025-10-16,ANDA7-WR3,1,ANDA7-WR3_1_3,760.13688707986,ANDA7,25,30,30,1,539.462808177743,33.68226383589128,34.4364397395716,1.3766861621109558,1029.88253338931,41.17223043494772,;
co2,2025-10-16,ANDA8-WR1,1,ANDA8-WR1_1_1,1090.24922242842,ANDA8,25,30,30,1,537.889742522766,23.365295682719495,59.0313771172408,0.9550034818548775,1765.43756191794,28.561065334466125,;
co2,2025-10-16,ANDA8-WR1,1,ANDA8-WR1_1_2,1052.8810234799,ANDA8,25,30,30,1,537.889742522766,23.365295682719495,56.2545469047102,0.9550034818548775,1682.39155147957,28.561065334466125,;
co2,2025-10-16,ANDA8-WR1,1,ANDA8-WR1_1_3,1077.11861489586,ANDA8,25,30,30,1,537.889742522766,23.365295682719495,58.0556419003649,0.9550034818548775,1736.25647744252,28.561065334466125,;
co2,2025-10-16,ANDA8-WR2,1,ANDA8-WR2_1_1,1081.15332899564,ANDA8,25,30,30,1,537.889742522766,23.365295682719495,58.3554614347938,0.9550034818548775,1745.22310999839,28.561065334466125,;
co2,2025-10-16,ANDA8-WR2,1,ANDA8-WR2_1_2,1069.91270792551,ANDA8,25,30,30,1,537.889742522766,23.365295682719495,57.5201710789984,0.9550034818548775,1720.24227707118,28.561065334466125,;
co2,2025-10-16,ANDA8-WR2,1,ANDA8-WR2_1_3,1073.31568865859,ANDA8,25,30,30,1,537.889742522766,23.365295682719495,57.773046517959,0.9550034818548775,1727.80496356486,28.561065334466125,;
co2,2025-10-16,ANDA8-WR3,1,ANDA8-WR3_1_1,1173.74872654302,ANDA8,25,30,30,1,537.889742522766,23.365295682719495,65.2362238125864,0.9550034818548775,1951.00445797984,28.561065334466125,;
co2,2025-10-16,ANDA8-WR3,1,ANDA8-WR3_1_2,1159.61955650238,ANDA8,25,30,30,1,537.889742522766,23.365295682719495,64.1862854331403,0.9550034818548775,1919.60419691034,28.561065334466125,;
co2,2025-10-16,ANDA8-WR3,1,ANDA8-WR3_1_3,1178.18315964011,ANDA8,25,30,30,1,537.889742522766,23.365295682719495,65.5657464587383,0.9550034818548775,1960.85941453733,28.561065334466125,;
co2,2025-10-16,CAT2-WR1,1,CAT2-WR1_1_1,657.330449508265,CAT2,25,30,30,1,483.911000453332,6.921963557248954,29.0674493364504,0.28291956533356943,869.313395582781,8.461209140511539,;
co2,2025-10-16,CAT2-WR1,1,CAT2-WR1_1_2,662.156659580461,CAT2,25,30,30,1,483.911000453332,6.921963557248954,29.4260849227936,0.28291956533356943,880.03902602019,8.461209140511539,;
co2,2025-10-16,CAT2-WR1,1,CAT2-WR1_1_3,654.4097331859,CAT2,25,30,30,1,483.911000453332,6.921963557248954,28.850410957444,0.28291956533356943,862.822479643033,8.461209140511539,;
co2,2025-10-16,CAT2-WR2,1,CAT2-WR2_1_1,854.038198551783,CAT2,25,30,30,1,483.911000453332,6.921963557248954,43.6847987392254,0.28291956533356943,1306.47103871357,8.461209140511539,;
co2,2025-10-16,CAT2-WR2,1,CAT2-WR2_1_2,864.829082719809,CAT2,25,30,30,1,483.911000453332,6.921963557248954,44.4866691536645,0.28291956533356943,1330.45238928633,8.461209140511539,;
co2,2025-10-16,CAT2-WR2,1,CAT2-WR2_1_3,850.510291522664,CAT2,25,30,30,1,483.911000453332,6.921963557248954,43.4226400293835,0.28291956533356943,1298.63071961311,8.461209140511539,;
co2,2025-10-16,CAT2-WR3,1,CAT2-WR3_1_1,711.26990365579,CAT2,25,30,30,1,483.911000453332,6.921963557248954,33.0756892339793,0.28291956533356943,989.186886899469,8.461209140511539,;
co2,2025-10-16,CAT2-WR3,1,CAT2-WR3_1_2,734.629837968281,CAT2,25,30,30,1,483.911000453332,6.921963557248954,34.8115655455729,0.28291956533356943,1041.10133296168,8.461209140511539,;
co2,2025-10-16,CAT2-WR3,1,CAT2-WR3_1_3,707.095193346889,CAT2,25,30,30,1,483.911000453332,6.921963557248954,32.7654665836907,0.28291956533356943,979.909130795467,8.461209140511539,;
co2,2025-10-16,CAT5-WR1,1,CAT5-WR1_1_1,870.835830964707,CAT5,25,30,30,1,628.520666737324,8.00600473586448,39.0224382940057,0.32722729052180877,1167.03491746497,9.786309894557979,;
co2,2025-10-16,CAT5-WR1,1,CAT5-WR1_1_2,874.452561266661,CAT5,25,30,30,1,628.520666737324,8.00600473586448,39.2911974597037,0.32722729052180877,1175.07263485196,9.786309894557979,;
co2,2025-10-16,CAT5-WR1,1,CAT5-WR1_1_3,836.549039325201,CAT5,25,30,30,1,628.520666737324,8.00600473586448,36.4745874048985,0.32722729052180877,1090.83693799276,9.786309894557979,;
co2,2025-10-16,CAT5-WR2,1,CAT5-WR2_1_1,763.666463080443,CAT5,25,30,30,1,628.520666737324,8.00600473586448,31.058684434506,0.32722729052180877,928.864797030438,9.786309894557979,;
co2,2025-10-16,CAT5-WR2,1,CAT5-WR2_1_2,784.903332964455,CAT5,25,30,30,1,628.520666737324,8.00600473586448,32.6367958654248,0.32722729052180877,976.061005777232,9.786309894557979,;
co2,2025-10-16,CAT5-WR2,1,CAT5-WR2_1_3,746.167693492898,CAT5,25,30,30,1,628.520666737324,8.00600473586448,29.758351171462,0.32722729052180877,889.976034855199,9.786309894557979,;
co2,2025-10-16,CAT5-WR3,1,CAT5-WR3_1_1,824.473398802285,CAT5,25,30,30,1,628.520666737324,8.00600473586448,35.5772467681211,0.32722729052180877,1064.0003818532,9.786309894557979,;
co2,2025-10-16,CAT5-WR3,1,CAT5-WR3_1_2,815.310325530271,CAT5,25,30,30,1,628.520666737324,8.00600473586448,34.8963389529916,0.32722729052180877,1043.63663139139,9.786309894557979,;
co2,2025-10-16,CAT5-WR3,1,CAT5-WR3_1_3,823.345727940908,CAT5,25,30,30,1,628.520666737324,8.00600473586448,35.4934495660676,0.32722729052180877,1061.49427856859,9.786309894557979,;
co2,2025-10-16,CAT6-WR1,1,CAT6-WR1_1_1,1276.40722282923,CAT6,25,30,30,1,881.704348259842,22.826519750183458,58.8121324483658,0.9329822372492694,1758.88066298412,27.90248113254737,;
co2,2025-10-16,CAT6-WR1,1,CAT6-WR1_1_2,1272.37719399258,CAT6,25,30,30,1,881.704348259842,22.826519750183458,58.5126610757584,0.9329822372492694,1749.92444282225,27.90248113254737,;
co2,2025-10-16,CAT6-WR1,1,CAT6-WR1_1_3,1234.66896737652,CAT6,25,30,30,1,881.704348259842,22.826519750183458,55.7105634131796,0.9329822372492694,1666.12276467651,27.90248113254737,;
co2,2025-10-16,CAT6-WR2,1,CAT6-WR2_1_1,2605.3887474811,CAT6,25,30,30,1,881.704348259842,22.826519750183458,157.568726380877,0.9329822372492694,4712.37097491202,27.90248113254737,;
co2,2025-10-16,CAT6-WR2,1,CAT6-WR2_1_2,2615.46448047847,CAT6,25,30,30,1,881.704348259842,22.826519750183458,158.31745392429,0.9329822372492694,4734.7629940946,27.90248113254737,;
co2,2025-10-16,CAT6-WR2,1,CAT6-WR2_1_3,2639.91679974666,CAT6,25,30,30,1,881.704348259842,22.826519750183458,160.134505342901,0.9329822372492694,4789.10512505966,27.90248113254737,;
co2,2025-10-16,CAT6-WR3,1,CAT6-WR3_1_1,2366.83181531148,CAT6,25,30,30,1,881.704348259842,22.826519750183458,139.841564909439,0.9329822372492694,4182.20891100313,27.90248113254737,;
co2,2025-10-16,CAT6-WR3,1,CAT6-WR3_1_2,2294.69759415527,CAT6,25,30,30,1,881.704348259842,22.826519750183458,134.481272192633,0.9329822372492694,4021.89989286299,27.90248113254737,;
co2,2025-10-16,CAT6-WR3,1,CAT6-WR3_1_3,2235.48352965351,CAT6,25,30,30,1,881.704348259842,22.826519750183458,130.081076091618,0.9329822372492694,3890.30425922043,27.90248113254737,;
co2,2025-10-16,CAT8-WR1,1,CAT8-WR1_1_1,1870.91356465682,CAT8,25,30,30,1,551.378905417326,19.090599001154327,116.491191833543,0.78028494757211,3483.87477539401,23.335799073551502,;
co2,2025-10-16,CAT8-WR1,1,CAT8-WR1_1_2,1872.53232070469,CAT8,25,30,30,1,551.378905417326,19.090599001154327,116.611481567245,0.78028494757211,3487.47225227091,23.335799073551502,;
co2,2025-10-16,CAT8-WR1,1,CAT8-WR1_1_3,1867.74558778921,CAT8,25,30,30,1,551.378905417326,19.090599001154327,116.25577952773,0.78028494757211,3476.83435473101,23.335799073551502,;
co2,2025-10-16,CAT8-WR2,1,CAT8-WR2_1_1,1897.28425879002,CAT8,25,30,30,1,551.378905417326,19.090599001154327,118.450797654936,0.78028494757211,3542.48024747657,23.335799073551502,;
co2,2025-10-16,CAT8-WR2,1,CAT8-WR2_1_2,1842.72906855803,CAT8,25,30,30,1,551.378905417326,19.090599001154327,114.396802419703,0.78028494757211,3421.23836199755,23.335799073551502,;
co2,2025-10-16,CAT8-WR2,1,CAT8-WR2_1_3,1898.97424965883,CAT8,25,30,30,1,551.378905417326,19.090599001154327,118.57638084694,0.78028494757211,3546.23603457044,23.335799073551502,;
co2,2025-10-16,CAT8-WR3,1,CAT8-WR3_1_1,2419.71935082279,CAT8,25,30,30,1,551.378905417326,19.090599001154327,157.27294023776,0.78028494757211,4703.52496804493,23.335799073551502,;
co2,2025-10-16,CAT8-WR3,1,CAT8-WR3_1_2,2338.61814724575,CAT8,25,30,30,1,551.378905417326,19.090599001154327,151.246311213558,0.78028494757211,4523.28798611004,23.335799073551502,;
co2,2025-10-16,CAT8-WR3,1,CAT8-WR3_1_3,2368.39706321467,CAT8,25,30,30,1,551.378905417326,19.090599001154327,153.459181940157,0.78028494757211,4589.46779236202,23.335799073551502,;
co2,2025-10-16,CAT10-WR1,1,CAT10-WR1_1_1,1713.85040843832,CAT10,25,30,30,1,567.73315949089,9.451052725033865,104.151388379456,0.38629035053370453,3114.83116522608,11.552694989381738,;
co2,2025-10-16,CAT10-WR1,1,CAT10-WR1_1_2,1760.85626453591,CAT10,25,30,30,1,567.73315949089,9.451052725033865,107.644392726748,0.38629035053370453,3219.29562768313,11.552694989381738,;
co2,2025-10-16,CAT10-WR1,1,CAT10-WR1_1_3,1732.5267330143,CAT10,25,30,30,1,567.73315949089,9.451052725033865,105.539225733165,0.38629035053370453,3156.33689173498,11.552694989381738,;
co2,2025-10-16,CAT10-WR2,1,CAT10-WR2_1_1,1751.78351556238,CAT10,25,30,30,1,567.73315949089,9.451052725033865,106.970196908664,0.38629035053370453,3199.13261134406,11.552694989381738,;
co2,2025-10-16,CAT10-WR2,1,CAT10-WR2_1_2,1699.81333204404,CAT10,25,30,30,1,567.73315949089,9.451052725033865,103.108293477265,0.38629035053370453,3083.63557042715,11.552694989381738,;
co2,2025-10-16,CAT10-WR2,1,CAT10-WR2_1_3,1707.85794261071,CAT10,25,30,30,1,567.73315949089,9.451052725033865,103.706088348256,0.38629035053370453,3101.51368154545,11.552694989381738,;
co2,2025-10-16,CAT10-WR3,1,CAT10-WR3_1_1,1739.37436822887,CAT10,25,30,30,1,567.73315949089,9.451052725033865,106.048073386605,0.38629035053370453,3171.55487926204,11.552694989381738,;
co2,2025-10-16,CAT10-WR3,1,CAT10-WR3_1_2,1691.08221533366,CAT10,25,30,30,1,567.73315949089,9.451052725033865,102.459484346702,0.38629035053370453,3064.23178780258,11.552694989381738,;
co2,2025-10-16,CAT10-WR3,1,CAT10-WR3_1_3,1664.49987663327,CAT10,25,30,30,1,567.73315949089,9.451052725033865,100.48415122121,0.38629035053370453,3005.1559629219,11.552694989381738,;
ch4,2025-10-16,ANDA1-WR1,1,ANDA1-WR1_1_1,2.77943293146755,ANDA1,25,30,30,1,2.25804163258179,0.08037647471971412,0.0252534517085289,0.0032852061561248523,17.8022993257403,2.3158902795987824,;
ch4,2025-10-16,ANDA1-WR1,1,ANDA1-WR1_1_2,2.81011570067399,ANDA1,25,30,30,1,2.25804163258179,0.08037647471971412,0.0265510653710635,0.0032852061561248523,18.717045836286,2.3158902795987824,;
ch4,2025-10-16,ANDA1-WR1,1,ANDA1-WR1_1_3,2.8279221898425,ANDA1,25,30,30,1,2.25804163258179,0.08037647471971412,0.0273041246360656,0.0032852061561248523,19.2479113433193,2.3158902795987824,;
ch4,2025-10-16,ANDA1-WR2,1,ANDA1-WR2_1_1,2.82323354512003,ANDA1,25,30,30,1,2.25804163258179,0.08037647471971412,0.027105835837238,0.0032852061561248523,19.1081286082535,2.3158902795987824,;
ch4,2025-10-16,ANDA1-WR2,1,ANDA1-WR2_1_2,2.78778591653241,ANDA1,25,30,30,1,2.25804163258179,0.08037647471971412,0.0256067101602085,0.0032852061561248523,18.0513271722593,2.3158902795987824,;
ch4,2025-10-16,ANDA1-WR2,1,ANDA1-WR2_1_3,2.85660196618474,ANDA1,25,30,30,1,2.25804163258179,0.08037647471971412,0.0285170291613949,0.0032852061561248523,20.1029425549997,2.3158902795987824,;
ch4,2025-10-16,ANDA1-WR3,1,ANDA1-WR3_1_1,2.78440594594101,ANDA1,25,30,30,1,2.25804163258179,0.08037647471971412,0.0254637668688499,0.0032852061561248523,17.9505599865002,2.3158902795987824,;
ch4,2025-10-16,ANDA1-WR3,1,ANDA1-WR3_1_2,2.76895884240959,ANDA1,25,30,30,1,2.25804163258179,0.08037647471971412,0.0248104890485171,0.0032852061561248523,17.4900349289888,2.3158902795987824,;
ch4,2025-10-16,ANDA1-WR3,1,ANDA1-WR3_1_3,2.74333070981071,ANDA1,25,30,30,1,2.25804163258179,0.08037647471971412,0.0237266424510407,0.0032852061561248523,16.7259824828457,2.3158902795987824,;
ch4,2025-10-16,ANDA2-WR1,1,ANDA2-WR1_1_1,3.2009009150772,ANDA2,25,30,30,1,2.10394921025358,0.07282303780402123,0.0493760516663614,0.0029764765490866295,34.8074101486457,2.0982528279487007,;
ch4,2025-10-16,ANDA2-WR1,1,ANDA2-WR1_1_2,3.33012295218624,ANDA2,25,30,30,1,2.10394921025358,0.07282303780402123,0.0548410173519893,0.0029764765490866295,38.6599114250392,2.0982528279487007,;
ch4,2025-10-16,ANDA2-WR1,1,ANDA2-WR1_1_3,3.25409051274737,ANDA2,25,30,30,1,2.10394921025358,0.07282303780402123,0.0516255079712063,0.0029764765490866295,36.3931535520118,2.0982528279487007,;
ch4,2025-10-16,ANDA2-WR2,1,ANDA2-WR2_1_1,3.25311914840218,ANDA2,25,30,30,1,2.10394921025358,0.07282303780402123,0.0515844277272057,0.0029764765490866295,36.3641942315785,2.0982528279487007,;
ch4,2025-10-16,ANDA2-WR2,1,ANDA2-WR2_1_2,3.21611555996287,ANDA2,25,30,30,1,2.10394921025358,0.07282303780402123,0.0500194985124209,0.0029764765490866295,35.2610049081252,2.0982528279487007,;
ch4,2025-10-16,ANDA2-WR2,1,ANDA2-WR2_1_3,3.17371248020291,ANDA2,25,30,30,1,2.10394921025358,0.07282303780402123,0.0482262178844613,0.0029764765490866295,33.9968403542077,2.0982528279487007,;
ch4,2025-10-16,ANDA2-WR3,1,ANDA2-WR3_1_1,3.28051575602418,ANDA2,25,30,30,1,2.10394921025358,0.07282303780402123,0.0527430654016025,0.0029764765490866295,37.1809702876899,2.0982528279487007,;
ch4,2025-10-16,ANDA2-WR3,1,ANDA2-WR3_1_2,3.19453395314865,ANDA2,25,30,30,1,2.10394921025358,0.07282303780402123,0.0491067846803297,0.0029764765490866295,34.6175916818792,2.0982528279487007,;
ch4,2025-10-16,ANDA2-WR3,1,ANDA2-WR3_1_3,3.28213672220181,ANDA2,25,30,30,1,2.10394921025358,0.07282303780402123,0.0528116181402568,0.0029764765490866295,37.2292962111006,2.0982528279487007,;
ch4,2025-10-16,ANDA3-WR1,1,ANDA3-WR1_1_1,2.54118861921258,ANDA3,25,30,30,1,2.17261002544343,0.07633221553199762,0.0186696174098756,0.003119906231902224,13.1610570017804,2.199362893026135,;
ch4,2025-10-16,ANDA3-WR1,1,ANDA3-WR1_1_2,2.60318673480733,ANDA3,25,30,30,1,2.17261002544343,0.07633221553199762,0.0212915972352904,0.003119906231902224,15.0094090693246,2.199362893026135,;
ch4,2025-10-16,ANDA3-WR1,1,ANDA3-WR1_1_3,2.66751187621917,ANDA3,25,30,30,1,2.17261002544343,0.07633221553199762,0.024011989967083,0.003119906231902224,16.9271368419041,2.199362893026135,;
ch4,2025-10-16,ANDA3-WR2,1,ANDA3-WR2_1_1,2.55381583505585,ANDA3,25,30,30,1,2.17261002544343,0.07633221553199762,0.0192036385631736,0.003119906231902224,13.5375126454292,2.199362893026135,;
ch4,2025-10-16,ANDA3-WR2,1,ANDA3-WR2_1_2,2.61922100185089,ANDA3,25,30,30,1,2.17261002544343,0.07633221553199762,0.0219697069536297,0.003119906231902224,15.487439253907,2.199362893026135,;
ch4,2025-10-16,ANDA3-WR2,1,ANDA3-WR2_1_3,2.63661610622163,ANDA3,25,30,30,1,2.17261002544343,0.07633221553199762,0.0227053682279044,0.003119906231902224,16.0060401310524,2.199362893026135,;
ch4,2025-10-16,ANDA3-WR3,1,ANDA3-WR3_1_1,2.60093207619751,ANDA3,25,30,30,1,2.17261002544343,0.07633221553199762,0.021196244830924,0.003119906231902224,14.9421908504628,2.199362893026135,;
ch4,2025-10-16,ANDA3-WR3,1,ANDA3-WR3_1_2,2.54883301561744,ANDA3,25,30,30,1,2.17261002544343,0.07633221553199762,0.0189929087383094,0.003119906231902224,13.3889596688939,2.199362893026135,;
ch4,2025-10-16,ANDA3-WR3,1,ANDA3-WR3_1_3,2.62028210920604,ANDA3,25,30,30,1,2.17261002544343,0.07633221553199762,0.0220145825446233,0.003119906231902224,15.5190740859493,2.199362893026135,;
ch4,2025-10-16,ANDA7-WR1,1,ANDA7-WR1_1_1,2.81870243165606,ANDA7,25,30,30,1,2.19090065770057,0.08276495366313595,0.0296584443481756,0.0033828298172280122,20.9075777012975,2.3847096099735734,;
ch4,2025-10-16,ANDA7-WR1,1,ANDA7-WR1_1_2,2.60382247569846,ANDA7,25,30,30,1,2.19090065770057,0.08276495366313595,0.0205708954121794,0.0033828298172280122,14.5013537853297,2.3847096099735734,;
ch4,2025-10-16,ANDA7-WR1,1,ANDA7-WR1_1_3,2.75080348358858,ANDA7,25,30,30,1,2.19090065770057,0.08276495366313595,0.0267869107492594,0.0033828298172280122,18.8833039013495,2.3847096099735734,;
ch4,2025-10-16,ANDA7-WR2,1,ANDA7-WR2_1_1,2.71446241264194,ANDA7,25,30,30,1,2.19090065770057,0.08276495366313595,0.0252500002489647,0.0033828298172280122,17.7998662359203,2.3847096099735734,;
ch4,2025-10-16,ANDA7-WR2,1,ANDA7-WR2_1_2,2.69339013052506,ANDA7,25,30,30,1,2.19090065770057,0.08276495366313595,0.0243588264115685,0.0033828298172280122,17.1716375253382,2.3847096099735734,;
ch4,2025-10-16,ANDA7-WR2,1,ANDA7-WR2_1_3,2.78589620136165,ANDA7,25,30,30,1,2.19090065770057,0.08276495366313595,0.0282710267927437,0.0033828298172280122,19.9295243683647,2.3847096099735734,;
ch4,2025-10-16,ANDA7-WR3,1,ANDA7-WR3_1_1,2.50259143084071,ANDA7,25,30,30,1,2.19090065770057,0.08276495366313595,0.0162897046892608,0.0033828298172280122,11.483348975546,2.3847096099735734,;
ch4,2025-10-16,ANDA7-WR3,1,ANDA7-WR3_1_2,2.68873407581117,ANDA7,25,30,30,1,2.19090065770057,0.08276495366313595,0.0241619158860027,0.0033828298172280122,17.0328263973795,2.3847096099735734,;
ch4,2025-10-16,ANDA7-WR3,1,ANDA7-WR3_1_3,2.67089852294765,ANDA7,25,30,30,1,2.19090065770057,0.08276495366313595,0.0234076274800624,0.0033828298172280122,16.5010944133534,2.3847096099735734,;
ch4,2025-10-16,ANDA8-WR1,1,ANDA8-WR1_1_1,6.5532220817354,ANDA8,25,30,30,1,2.28082787280284,0.04841725633773246,0.183920499118651,0.0019789455700572117,129.653871290156,1.3950481618957469,;
ch4,2025-10-16,ANDA8-WR1,1,ANDA8-WR1_1_2,6.31562170435043,ANDA8,25,30,30,1,2.28082787280284,0.04841725633773246,0.173872074419964,0.0019789455700572117,122.570282626601,1.3950481618957469,;
ch4,2025-10-16,ANDA8-WR1,1,ANDA8-WR1_1_3,6.54306959738885,ANDA8,25,30,30,1,2.28082787280284,0.04841725633773246,0.183491137534366,0.0019789455700572117,129.351194906324,1.3950481618957469,;
ch4,2025-10-16,ANDA8-WR2,1,ANDA8-WR2_1_1,6.5951312251723,ANDA8,25,30,30,1,2.28082787280284,0.04841725633773246,0.185692890546001,0.0019789455700572117,130.90331010257,1.3950481618957469,;
ch4,2025-10-16,ANDA8-WR2,1,ANDA8-WR2_1_2,6.45688028699345,ANDA8,25,30,30,1,2.28082787280284,0.04841725633773246,0.179846081053935,0.0019789455700572117,126.781629871301,1.3950481618957469,;
ch4,2025-10-16,ANDA8-WR2,1,ANDA8-WR2_1_3,6.60594289991796,ANDA8,25,30,30,1,2.28082787280284,0.04841725633773246,0.186150130137723,0.0019789455700572117,131.225638953666,1.3950481618957469,;
ch4,2025-10-16,ANDA8-WR3,1,ANDA8-WR3_1_1,7.05557614185267,ANDA8,25,30,30,1,2.28082787280284,0.04841725633773246,0.205165696625174,0.0019789455700572117,144.630571093845,1.3950481618957469,;
ch4,2025-10-16,ANDA8-WR3,1,ANDA8-WR3_1_2,6.8636524380115,ANDA8,25,30,30,1,2.28082787280284,0.04841725633773246,0.197048997034178,0.0019789455700572117,138.908742754346,1.3950481618957469,;
ch4,2025-10-16,ANDA8-WR3,1,ANDA8-WR3_1_3,7.11660011361321,ANDA8,25,30,30,1,2.28082787280284,0.04841725633773246,0.207746478658432,0.0019789455700572117,146.449880975949,1.3950481618957469,;
ch4,2025-10-16,CAT2-WR1,1,CAT2-WR1_1_1,2.78062154249531,CAT2,25,30,30,1,2.12935595333201,0.04743131943769608,0.0305634549469131,0.0019386476348112942,21.5455605702394,1.366640326256596,;
ch4,2025-10-16,CAT2-WR1,1,CAT2-WR1_1_2,2.94009310850375,CAT2,25,30,30,1,2.12935595333201,0.04743131943769608,0.0373077120068299,0.0019386476348112942,26.2998921482006,1.366640326256596,;
ch4,2025-10-16,CAT2-WR1,1,CAT2-WR1_1_3,2.91817738944454,CAT2,25,30,30,1,2.12935595333201,0.04743131943769608,0.0363808681393758,0.0019386476348112942,25.6465180214838,1.366640326256596,;
ch4,2025-10-16,CAT2-WR2,1,CAT2-WR2_1_1,3.01334009282153,CAT2,25,30,30,1,2.12935595333201,0.04743131943769608,0.0404054209180013,0.0019386476348112942,28.4836071467353,1.366640326256596,;
ch4,2025-10-16,CAT2-WR2,1,CAT2-WR2_1_2,3.02586065008617,CAT2,25,30,30,1,2.12935595333201,0.04743131943769608,0.040934931343212,0.0019386476348112942,28.8568829743132,1.366640326256596,;
ch4,2025-10-16,CAT2-WR2,1,CAT2-WR2_1_3,3.01901255469093,CAT2,25,30,30,1,2.12935595333201,0.04743131943769608,0.0406453166057867,0.0019386476348112942,28.652720458064,1.366640326256596,;
ch4,2025-10-16,CAT2-WR3,1,CAT2-WR3_1_1,3.01958419445461,CAT2,25,30,30,1,2.12935595333201,0.04743131943769608,0.0406694919845607,0.0019386476348112942,28.6697627750595,1.366640326256596,;
ch4,2025-10-16,CAT2-WR3,1,CAT2-WR3_1_2,3.04852275067729,CAT2,25,30,30,1,2.12935595333201,0.04743131943769608,0.0418933406429371,0.0019386476348112942,29.5325090006958,1.366640326256596,;
ch4,2025-10-16,CAT2-WR3,1,CAT2-WR3_1_3,2.99696221539071,CAT2,25,30,30,1,2.12935595333201,0.04743131943769608,0.0397127794756804,0.0019386476348112942,27.9953328932223,1.366640326256596,;
ch4,2025-10-16,CAT5-WR1,1,CAT5-WR1_1_1,2.84152699099205,CAT5,25,30,30,1,2.37064140282463,0.04301957591229175,0.0232772288292274,0.0017583276215307486,16.4091705115981,1.2395246001415168,;
ch4,2025-10-16,CAT5-WR1,1,CAT5-WR1_1_2,2.9844037864728,CAT5,25,30,30,1,2.37064140282463,0.04301957591229175,0.0293196717595762,0.0017583276215307486,20.6687615942872,1.2395246001415168,;
ch4,2025-10-16,CAT5-WR1,1,CAT5-WR1_1_3,2.78346556782363,CAT5,25,30,30,1,2.37064140282463,0.04301957591229175,0.0208217367756051,0.0017583276215307486,14.6781831980579,1.2395246001415168,;
ch4,2025-10-16,CAT5-WR2,1,CAT5-WR2_1_1,2.83708364599331,CAT5,25,30,30,1,2.37064140282463,0.04301957591229175,0.0230893140703305,0.0017583276215307486,16.2767009060875,1.2395246001415168,;
ch4,2025-10-16,CAT5-WR2,1,CAT5-WR2_1_2,2.91566465960493,CAT5,25,30,30,1,2.37064140282463,0.04301957591229175,0.0264126059216034,0.0017583276215307486,18.6194395133082,1.2395246001415168,;
ch4,2025-10-16,CAT5-WR2,1,CAT5-WR2_1_3,2.84243587946337,CAT5,25,30,30,1,2.37064140282463,0.04301957591229175,0.0233156668883925,0.0017583276215307486,16.4362672365391,1.2395246001415168,;
ch4,2025-10-16,CAT5-WR3,1,CAT5-WR3_1_1,2.82020136304871,CAT5,25,30,30,1,2.37064140282463,0.04301957591229175,0.0223753406718965,0.0017583276215307486,15.7733887927084,1.2395246001415168,;
ch4,2025-10-16,CAT5-WR3,1,CAT5-WR3_1_2,2.88412801671324,CAT5,25,30,30,1,2.37064140282463,0.04301957591229175,0.025078880845767,0.0017583276215307486,17.6792364356329,1.2395246001415168,;
ch4,2025-10-16,CAT5-WR3,1,CAT5-WR3_1_3,2.96407443324988,CAT5,25,30,30,1,2.37064140282463,0.04301957591229175,0.0284599173379637,0.0017583276215307486,20.0626818497506,1.2395246001415168,;
ch4,2025-10-16,CAT6-WR1,1,CAT6-WR1_1_1,2.3594590268713,CAT6,25,30,30,1,2.16599352458011,0.02421875358029869,0.0112544743392046,9.898866382622442e-4,7.93378755715666,0.6978158247945044,;
ch4,2025-10-16,CAT6-WR1,1,CAT6-WR1_1_2,2.49602866030733,CAT6,25,30,30,1,2.16599352458011,0.02421875358029869,0.0170301792973063,9.898866382622442e-4,12.0053429891835,0.6978158247945044,;
ch4,2025-10-16,CAT6-WR1,1,CAT6-WR1_1_3,2.44728423210949,CAT6,25,30,30,1,2.16599352458011,0.02421875358029869,0.0149687149106865,9.898866382622442e-4,10.5521235844253,0.6978158247945044,;
ch4,2025-10-16,CAT6-WR2,1,CAT6-WR2_1_1,2.58400827107776,CAT6,25,30,30,1,2.16599352458011,0.02421875358029869,0.0207509498767825,9.898866382622442e-4,14.6282823141818,0.6978158247945044,;
ch4,2025-10-16,CAT6-WR2,1,CAT6-WR2_1_2,2.58026122890036,CAT6,25,30,30,1,2.16599352458011,0.02421875358029869,0.020592482657257,9.898866382622442e-4,14.5165716099235,0.6978158247945044,;
ch4,2025-10-16,CAT6-WR2,1,CAT6-WR2_1_3,2.61108388777686,CAT6,25,30,30,1,2.16599352458011,0.02421875358029869,0.0218960124333567,9.898866382622442e-4,15.4354886562734,0.6978158247945044,;
ch4,2025-10-16,CAT6-WR3,1,CAT6-WR3_1_1,2.43256926466211,CAT6,25,30,30,1,2.16599352458011,0.02421875358029869,0.0143464000643634,9.898866382622442e-4,10.113425726526,0.6978158247945044,;
ch4,2025-10-16,CAT6-WR3,1,CAT6-WR3_1_2,2.38738570240806,CAT6,25,30,30,1,2.16599352458011,0.02421875358029869,0.0124355292655657,9.898866382622442e-4,8.7663665472248,0.6978158247945044,;
ch4,2025-10-16,CAT6-WR3,1,CAT6-WR3_1_3,2.36258770062005,CAT6,25,30,30,1,2.16599352458011,0.02421875358029869,0.0113867899647818,9.898866382622442e-4,8.02706282103683,0.6978158247945044,;
ch4,2025-10-16,CAT8-WR1,1,CAT8-WR1_1_1,7.05240827592018,CAT8,25,30,30,1,2.63607444075943,0.03565128874017043,0.190511825543439,0.0014571655904468998,134.300395152401,1.0272218747643016,;
ch4,2025-10-16,CAT8-WR1,1,CAT8-WR1_1_2,7.06334910130345,CAT8,25,30,30,1,2.63607444075943,0.03565128874017043,0.19097452708127,0.0014571655904468998,134.626574376137,1.0272218747643016,;
ch4,2025-10-16,CAT8-WR1,1,CAT8-WR1_1_3,7.0593152782164,CAT8,25,30,30,1,2.63607444075943,0.03565128874017043,0.190803931529259,0.0014571655904468998,134.506313862225,1.0272218747643016,;
ch4,2025-10-16,CAT8-WR2,1,CAT8-WR2_1_1,5.50822474591162,CAT8,25,30,30,1,2.63607444075943,0.03565128874017043,0.125206323536164,0.0014571655904468998,88.2635955984377,1.0272218747643016,;
ch4,2025-10-16,CAT8-WR2,1,CAT8-WR2_1_2,5.43430294256349,CAT8,25,30,30,1,2.63607444075943,0.03565128874017043,0.122080075662696,0.0014571655904468998,86.0597621956903,1.0272218747643016,;
ch4,2025-10-16,CAT8-WR2,1,CAT8-WR2_1_3,5.54991861243893,CAT8,25,30,30,1,2.63607444075943,0.03565128874017043,0.126969610626899,0.0014571655904468998,89.5066163525425,1.0272218747643016,;
ch4,2025-10-16,CAT8-WR3,1,CAT8-WR3_1_1,6.84103788472454,CAT8,25,30,30,1,2.63607444075943,0.03565128874017043,0.181572700602488,0.0014571655904468998,127.998802017897,1.0272218747643016,;
ch4,2025-10-16,CAT8-WR3,1,CAT8-WR3_1_2,6.68572569956147,CAT8,25,30,30,1,2.63607444075943,0.03565128874017043,0.175004349093218,0.0014571655904468998,123.368474211849,1.0272218747643016,;
ch4,2025-10-16,CAT8-WR3,1,CAT8-WR3_1_3,6.80115658583471,CAT8,25,30,30,1,2.63607444075943,0.03565128874017043,0.179886069321886,0.0014571655904468998,126.809819408471,1.0272218747643016,;
ch4,2025-10-16,CAT10-WR1,1,CAT10-WR1_1_1,9.59765185243335,CAT10,25,30,30,1,2.22029188112432,0.0320770191049101,0.315147610213977,0.001311075423512428,222.161792121517,0.9242363142028325,;
ch4,2025-10-16,CAT10-WR1,1,CAT10-WR1_1_2,9.90420590900754,CAT10,25,30,30,1,2.22029188112432,0.0320770191049101,0.328112174443485,0.001311075423512428,231.301099322185,0.9242363142028325,;
ch4,2025-10-16,CAT10-WR1,1,CAT10-WR1_1_3,9.68252989602217,CAT10,25,30,30,1,2.22029188112432,0.0320770191049101,0.318737211539367,0.001311075423512428,224.692264311703,0.9242363142028325,;
ch4,2025-10-16,CAT10-WR2,1,CAT10-WR2_1_1,9.41657938628553,CAT10,25,30,30,1,2.22029188112432,0.0320770191049101,0.307489823382503,0.001311075423512428,216.763472124707,0.9242363142028325,;
ch4,2025-10-16,CAT10-WR2,1,CAT10-WR2_1_2,9.22945097357752,CAT10,25,30,30,1,2.22029188112432,0.0320770191049101,0.299575922803825,0.001311075423512428,211.184605973582,0.9242363142028325,;
ch4,2025-10-16,CAT10-WR2,1,CAT10-WR2_1_3,9.25766865301107,CAT10,25,30,30,1,2.22029188112432,0.0320770191049101,0.300769284658214,0.001311075423512428,212.025860673373,0.9242363142028325,;
ch4,2025-10-16,CAT10-WR3,1,CAT10-WR3_1_1,8.52307295715082,CAT10,25,30,30,1,2.22029188112432,0.0320770191049101,0.269702290510004,0.001311075423512428,190.125332564946,0.9242363142028325,;
ch4,2025-10-16,CAT10-WR3,1,CAT10-WR3_1_2,8.3508507733638,CAT10,25,30,30,1,2.22029188112432,0.0320770191049101,0.262418793470674,0.001311075423512428,184.990866356966,0.9242363142028325,;
ch4,2025-10-16,CAT10-WR3,1,CAT10-WR3_1_3,8.28169969262083,CAT10,25,30,30,1,2.22029188112432,0.0320770191049101,0.259494305574964,0.001311075423512428,182.929262680176,0.9242363142028325,;
